{"cameraMode":{"drawMode":0,"name":"Shaded","section":"Shading Mode"},"sceneLighting":true,"audioPlay":false,"sceneViewState":{"showFog":true,"showMaterialUpdate":false,"showSkybox":true,"showFlares":true,"showImageEffects":true,"showParticleSystems":true,"showVisualEffectGraphs":true,"m_FxEnabled":true},"in2DMode":false,"pivot":{"x":9.914201736450196,"y":0.14241693913936616,"z":2.0856120586395265},"rotation":{"x":-0.07652486860752106,"y":-0.4087783396244049,"z":0.03442227095365524,"w":-0.9087609648704529},"size":12.124356269836426,"orthographic":false}