{"cameraMode":{"drawMode":0,"name":"Shaded","section":"Shading Mode"},"sceneLighting":true,"audioPlay":false,"sceneViewState":{"showFog":true,"showMaterialUpdate":false,"showSkybox":true,"showFlares":true,"showImageEffects":true,"showParticleSystems":true,"showVisualEffectGraphs":true,"m_FxEnabled":true},"in2DMode":false,"pivot":{"x":0.49809929728507998,"y":0.6177718639373779,"z":1.2604485750198365},"rotation":{"x":-0.008384006097912789,"y":0.035102393478155139,"z":0.0003346170124132186,"w":0.9993739128112793},"size":2.597454786300659,"orthographic":false}