{"cameraMode":{"drawMode":0,"name":"Shaded","section":"Shading Mode"},"sceneLighting":true,"audioPlay":false,"sceneViewState":{"showFog":true,"showMaterialUpdate":false,"showSkybox":true,"showFlares":true,"showImageEffects":true,"showParticleSystems":true,"showVisualEffectGraphs":true,"m_FxEnabled":true},"in2DMode":false,"pivot":{"x":0.8154947757720947,"y":0.9665924310684204,"z":1.0148638486862183},"rotation":{"x":-0.05365010350942612,"y":0.023972267284989358,"z":0.0013116038171574474,"w":0.9982939958572388},"size":1.9974548816680909,"orthographic":false}