{"cameraMode":{"drawMode":0,"name":"Shaded","section":"Shading Mode"},"sceneLighting":true,"audioPlay":false,"sceneViewState":{"showFog":true,"showMaterialUpdate":false,"showSkybox":true,"showFlares":true,"showImageEffects":true,"showParticleSystems":true,"showVisualEffectGraphs":true,"m_FxEnabled":true},"in2DMode":false,"pivot":{"x":0.3348783850669861,"y":-1.106162190437317,"z":-0.9950282573699951},"rotation":{"x":-0.048290155827999118,"y":0.0050912112928926949,"z":-0.0002461457625031471,"w":-0.998820424079895},"size":2.7976858615875246,"orthographic":false}