{"cameraMode":{"drawMode":0,"name":"Shaded","section":"Shading Mode"},"sceneLighting":true,"audioPlay":false,"sceneViewState":{"showFog":true,"showMaterialUpdate":false,"showSkybox":true,"showFlares":true,"showImageEffects":true,"showParticleSystems":true,"showVisualEffectGraphs":true,"m_FxEnabled":true},"in2DMode":false,"pivot":{"x":-0.6829349994659424,"y":-1.8307700157165528,"z":-0.547329306602478},"rotation":{"x":-0.05816110968589783,"y":-0.023361025378108026,"z":0.0013618743978440762,"w":-0.9980388283729553},"size":2.836441993713379,"orthographic":false}