{"cameraMode":{"drawMode":0,"name":"Shaded","section":"Shading Mode"},"sceneLighting":true,"audioPlay":false,"sceneViewState":{"showFog":true,"showMaterialUpdate":false,"showSkybox":true,"showFlares":true,"showImageEffects":true,"showParticleSystems":true,"showVisualEffectGraphs":true,"m_FxEnabled":true},"in2DMode":false,"pivot":{"x":-1.088301658630371,"y":-1.8983352184295655,"z":-0.5512571334838867},"rotation":{"x":-0.06416074931621552,"y":0.012571130879223347,"z":-0.0008077981765381992,"w":-0.9978657364845276},"size":2.836441993713379,"orthographic":false}