{"cameraMode":{"drawMode":0,"name":"Shaded","section":"Shading Mode"},"sceneLighting":true,"audioPlay":false,"sceneViewState":{"showFog":true,"showMaterialUpdate":false,"showSkybox":true,"showFlares":true,"showImageEffects":true,"showParticleSystems":true,"showVisualEffectGraphs":true,"m_FxEnabled":true},"in2DMode":false,"pivot":{"x":0.36870697140693667,"y":-0.5024270415306091,"z":0.3423779606819153},"rotation":{"x":-0.11319702118635178,"y":0.12218588590621948,"z":-0.014026247896254063,"w":-0.9859503507614136},"size":2.1510722637176515,"orthographic":false}