{"cameraMode":{"drawMode":0,"name":"Shaded","section":"Shading Mode"},"sceneLighting":true,"audioPlay":false,"sceneViewState":{"showFog":true,"showMaterialUpdate":false,"showSkybox":true,"showFlares":true,"showImageEffects":true,"showParticleSystems":true,"showVisualEffectGraphs":true,"m_FxEnabled":true},"in2DMode":false,"pivot":{"x":0.5616794228553772,"y":0.41483408212661745,"z":0.8455085754394531},"rotation":{"x":-0.03837346285581589,"y":0.020093068480491639,"z":0.0008117624674923718,"w":0.9990865588188171},"size":3.687147617340088,"orthographic":false}