{"cameraMode":{"drawMode":0,"name":"Shaded","section":"Shading Mode"},"sceneLighting":true,"audioPlay":false,"sceneViewState":{"showFog":true,"showMaterialUpdate":false,"showSkybox":true,"showFlares":true,"showImageEffects":true,"showParticleSystems":true,"showVisualEffectGraphs":true,"m_FxEnabled":true},"in2DMode":false,"pivot":{"x":0.36870697140693667,"y":-0.5024270415306091,"z":0.3423779606819153},"rotation":{"x":0.010789480060338974,"y":0.012596611864864827,"z":0.00013498436601366848,"w":-0.999869167804718},"size":3.6510720252990724,"orthographic":false}