{"cameraMode":{"drawMode":0,"name":"Shaded","section":"Shading Mode"},"sceneLighting":true,"audioPlay":false,"sceneViewState":{"showFog":true,"showMaterialUpdate":false,"showSkybox":true,"showFlares":true,"showImageEffects":true,"showParticleSystems":true,"showVisualEffectGraphs":true,"m_FxEnabled":true},"in2DMode":false,"pivot":{"x":-0.37203651666641238,"y":1.2452090978622437,"z":-11.878199577331543},"rotation":{"x":-0.0016666885931044818,"y":0.9879006147384644,"z":0.010661105625331402,"w":0.15475325286388398},"size":3.2642123699188234,"orthographic":false}