{"cameraMode":{"drawMode":0,"name":"Shaded","section":"Shading Mode"},"sceneLighting":true,"audioPlay":false,"sceneViewState":{"showFog":true,"showMaterialUpdate":false,"showSkybox":true,"showFlares":true,"showImageEffects":true,"showParticleSystems":true,"showVisualEffectGraphs":true,"m_FxEnabled":true},"in2DMode":false,"pivot":{"x":5.440545082092285,"y":-1.0811586380004883,"z":3.267307996749878},"rotation":{"x":-0.08719874173402786,"y":-0.0008995159296318889,"z":0.00007874897710280493,"w":-0.996190071105957},"size":17.388280868530275,"orthographic":false}