{"cameraMode":{"drawMode":0,"name":"Shaded","section":"Shading Mode"},"sceneLighting":true,"audioPlay":false,"sceneViewState":{"showFog":true,"showMaterialUpdate":false,"showSkybox":true,"showFlares":true,"showImageEffects":true,"showParticleSystems":true,"showVisualEffectGraphs":true,"m_FxEnabled":true},"in2DMode":false,"pivot":{"x":19.093618392944337,"y":-2.010047197341919,"z":28.59272575378418},"rotation":{"x":-0.004693278577178717,"y":0.20053988695144654,"z":0.0009619498159736395,"w":0.9796790480613709},"size":23.65504264831543,"orthographic":false}