{"cameraMode":{"drawMode":0,"name":"Shaded","section":"Shading Mode"},"sceneLighting":true,"audioPlay":false,"sceneViewState":{"showFog":true,"showMaterialUpdate":false,"showSkybox":true,"showFlares":true,"showImageEffects":true,"showParticleSystems":true,"showVisualEffectGraphs":true,"m_FxEnabled":true},"in2DMode":false,"pivot":{"x":-0.11406862735748291,"y":-0.5847485065460205,"z":3.364898443222046},"rotation":{"x":-0.08719874173402786,"y":-0.0008995159296318889,"z":0.00007874897710280493,"w":-0.996190071105957},"size":2.2019381523132326,"orthographic":false}