{"cameraMode":{"drawMode":0,"name":"Shaded","section":"Shading Mode"},"sceneLighting":true,"audioPlay":false,"sceneViewState":{"showFog":true,"showMaterialUpdate":false,"showSkybox":true,"showFlares":true,"showImageEffects":true,"showParticleSystems":true,"showVisualEffectGraphs":true,"m_FxEnabled":true},"in2DMode":false,"pivot":{"x":0.02149072289466858,"y":1.9205158948898316,"z":-8.136955261230469},"rotation":{"x":0.03723907470703125,"y":-0.37626615166664126,"z":0.015138622373342514,"w":0.9256436824798584},"size":1.488701581954956,"orthographic":false}