{"cameraMode":{"drawMode":0,"name":"Shaded","section":"Shading Mode"},"sceneLighting":true,"audioPlay":false,"sceneViewState":{"showFog":true,"showMaterialUpdate":false,"showSkybox":true,"showFlares":true,"showImageEffects":true,"showParticleSystems":true,"showVisualEffectGraphs":true,"m_FxEnabled":true},"in2DMode":false,"pivot":{"x":6.470309257507324,"y":-0.8768060207366943,"z":-11.143693923950196},"rotation":{"x":-0.01770852319896221,"y":-0.0003179767227265984,"z":0.0000010810175581354998,"w":-0.9998548626899719},"size":2.700017213821411,"orthographic":false}