{"cameraMode":{"drawMode":0,"name":"Shaded","section":"Shading Mode"},"sceneLighting":false,"audioPlay":false,"sceneViewState":{"showFog":true,"showMaterialUpdate":false,"showSkybox":false,"showFlares":true,"showImageEffects":true,"showParticleSystems":true,"showVisualEffectGraphs":true,"m_FxEnabled":true},"in2DMode":false,"pivot":{"x":-1.5915498733520508,"y":-0.13592445850372315,"z":0.46377962827682497},"rotation":{"x":0.04270758479833603,"y":0.14692535996437074,"z":0.006349298171699047,"w":-0.9882081151008606},"size":1.563145399093628,"orthographic":false}