{"cameraMode":{"drawMode":0,"name":"Shaded","section":"Shading Mode"},"sceneLighting":false,"audioPlay":false,"sceneViewState":{"showFog":true,"showMaterialUpdate":false,"showSkybox":false,"showFlares":true,"showImageEffects":true,"showParticleSystems":true,"showVisualEffectGraphs":true,"m_FxEnabled":true},"in2DMode":false,"pivot":{"x":1400.722412109375,"y":42.689964294433597,"z":-0.5038926601409912},"rotation":{"x":-0.08719874173402786,"y":-0.0008995159296318889,"z":0.00007874897710280493,"w":-0.996190071105957},"size":36.97200012207031,"orthographic":false}