{"cameraMode":{"drawMode":0,"name":"Shaded","section":"Shading Mode"},"sceneLighting":true,"audioPlay":false,"sceneViewState":{"showFog":true,"showMaterialUpdate":false,"showSkybox":true,"showFlares":true,"showImageEffects":true,"showParticleSystems":true,"showVisualEffectGraphs":true,"m_FxEnabled":true},"in2DMode":false,"pivot":{"x":-1005.1514892578125,"y":-186.10675048828126,"z":-80.90398406982422},"rotation":{"x":-0.14389479160308839,"y":0.08301930874586106,"z":-0.012115880846977234,"w":-0.9860367774963379},"size":1.4660253524780274,"orthographic":false}