{"cameraMode":{"drawMode":0,"name":"Shaded","section":"Shading Mode"},"sceneLighting":true,"audioPlay":false,"sceneViewState":{"showFog":true,"showMaterialUpdate":false,"showSkybox":true,"showFlares":true,"showImageEffects":true,"showParticleSystems":true,"showVisualEffectGraphs":true,"m_FxEnabled":true},"in2DMode":false,"pivot":{"x":3.578523874282837,"y":3.053316116333008,"z":13.063529014587403},"rotation":{"x":-0.10950208455324173,"y":-0.039651136845350268,"z":0.004371933173388243,"w":-0.9931885600090027},"size":18.60114288330078,"orthographic":false}