{"cameraMode":{"drawMode":0,"name":"Shaded","section":"Shading Mode"},"sceneLighting":true,"audioPlay":false,"sceneViewState":{"showFog":true,"showMaterialUpdate":false,"showSkybox":true,"showFlares":true,"showImageEffects":true,"showParticleSystems":true,"showVisualEffectGraphs":true,"m_FxEnabled":true},"in2DMode":false,"pivot":{"x":6.367221832275391,"y":-2.0484180450439455,"z":7.461179733276367},"rotation":{"x":-0.0039060069248080255,"y":-0.04408843815326691,"z":0.00017317335004918277,"w":-0.9990085363388062},"size":10.832064628601075,"orthographic":false}