{"cameraMode":{"drawMode":0,"name":"Shaded","section":"Shading Mode"},"sceneLighting":true,"audioPlay":false,"sceneViewState":{"showFog":true,"showMaterialUpdate":false,"showSkybox":true,"showFlares":true,"showImageEffects":true,"showParticleSystems":true,"showVisualEffectGraphs":true,"m_FxEnabled":true},"in2DMode":false,"pivot":{"x":-5.699245929718018,"y":10.39812183380127,"z":75.21229553222656},"rotation":{"x":0.032379332929849628,"y":0.015285760164260865,"z":0.000505727541167289,"w":-0.9993095397949219},"size":58.41217041015625,"orthographic":false}