{"cameraMode":{"drawMode":0,"name":"Shaded","section":"Shading Mode"},"sceneLighting":true,"audioPlay":false,"sceneViewState":{"showFog":true,"showMaterialUpdate":false,"showSkybox":true,"showFlares":true,"showImageEffects":true,"showParticleSystems":true,"showVisualEffectGraphs":true,"m_FxEnabled":true},"in2DMode":false,"pivot":{"x":605.2844848632813,"y":8.621622085571289,"z":-152.19398498535157},"rotation":{"x":-0.06530651450157166,"y":-0.04100309684872627,"z":0.002681267447769642,"w":-0.9969954490661621},"size":17.123743057250978,"orthographic":false}