{"cameraMode":{"drawMode":0,"name":"Shaded","section":"Shading Mode"},"sceneLighting":true,"audioPlay":false,"sceneViewState":{"showFog":true,"showMaterialUpdate":false,"showSkybox":true,"showFlares":true,"showImageEffects":true,"showParticleSystems":true,"showVisualEffectGraphs":true,"m_FxEnabled":true},"in2DMode":false,"pivot":{"x":-0.38290345668792727,"y":1.1105058193206788,"z":-8.36205768585205},"rotation":{"x":-0.05035734921693802,"y":0.033844731748104098,"z":-0.0017107333987951279,"w":-0.9981158971786499},"size":0.8660253882408142,"orthographic":false}