{"cameraMode":{"drawMode":0,"name":"Shaded","section":"Shading Mode"},"sceneLighting":true,"audioPlay":false,"sceneViewState":{"showFog":true,"showMaterialUpdate":false,"showSkybox":true,"showFlares":true,"showImageEffects":true,"showParticleSystems":true,"showVisualEffectGraphs":true,"m_FxEnabled":true},"in2DMode":false,"pivot":{"x":1.9033514261245728,"y":2.9921436309814455,"z":-8.275922775268555},"rotation":{"x":0.04585139453411102,"y":0.030257415026426317,"z":0.0014014561893418432,"w":-0.9984513521194458},"size":3.8431875705718996,"orthographic":false}